Month,AvgSpeed,SDSpeed,AvgTemp,TotalSolarRad
1,6.08437,2.65056,24.5806,262.559
2,5.60035,2.71324,24.3626,205.31
3,5.63875,2.5145,22.1513,195.615
4,5.79741,2.75525,19.0963,135.847
5,4.65853,2.9832,14.7713,117.946
6,4.99676,2.88878,14.8312,92.9436
7,4.50863,2.61925,13.454,91.1973
8,4.91477,2.76295,14.012,111.716
9,5.23617,2.83967,15.3856,176.372
10,4.99864,2.52709,18.9682,200.113
11,5.61426,2.62935,20.8374,246.929
12,6.01098,2.38893,21.9187,273.543
